ccode,country,year,repdem,rights,access,judind,conpower,standing,judrev,purge,pack,comp
290,POL,1991,0.866,19,0.854,1,0,0,1.907,1.468,1.652,2.134
290,POL,1992,0.884,0,0.854,1,0,0.5,1.907,1.468,1.652,2.134
290,POL,1993,0.885,0,0.956,1,0,0.5,1.907,1.468,1.652,2.134
290,POL,1994,0.89,0,0.956,1,0,0.5,1.907,1.468,1.652,2.134
290,POL,1995,0.889,0,0.956,1,0,0.5,1.907,1.468,1.652,2.134
290,POL,1996,0.882,0,0.956,1,0,0.5,1.907,1.468,1.652,2.134
290,POL,1997,0.871,36,0.956,1,2,1,1.907,1.468,1.652,2.134
290,POL,1998,0.88,36,0.956,1,2,1,1.907,1.468,1.652,2.134
290,POL,1999,0.88,36,0.956,1,2,1,1.907,1.468,1.652,2.134
290,POL,2000,0.88,36,0.956,1,2,1,1.907,1.468,1.652,2.134
290,POL,2001,0.881,36,0.956,1,2,1,1.907,1.468,1.652,2.134
290,POL,2002,0.881,36,0.956,1,2,1,1.907,1.468,1.652,2.134
290,POL,2003,0.881,36,0.956,1,2,1,1.907,1.468,1.652,2.134
290,POL,2004,0.881,36,0.956,1,2,1,1.907,1.468,1.652,2.134
290,POL,2005,0.883,36,0.956,1,2,1,1.907,1.468,1.652,2.134
290,POL,2006,0.874,36,0.956,1,2,1,1.907,1.468,1.652,1.998
290,POL,2007,0.873,36,0.956,1,2,1,1.907,1.468,1.652,1.998
290,POL,2008,0.891,36,0.956,1,2,1,1.907,1.468,1.652,2.131
290,POL,2009,0.891,36,0.956,1,2,1,1.907,1.468,1.652,2.131
290,POL,2010,0.893,36,0.951,1,2,1,1.907,1.468,1.652,2.131
290,POL,2011,0.894,36,0.951,1,2,1,1.907,1.468,1.652,2.051
290,POL,2012,0.89,36,0.951,1,2,1,1.907,1.468,1.652,2.051
290,POL,2013,0.888,36,0.938,1,2,1,1.907,1.468,1.652,2.051
290,POL,2014,0.88,36,0.942,1,2,1,1.907,1.468,1.652,2.051
290,POL,2015,0.873,36,0.942,1,2,1,1.907,0.72,0.144,1.483
290,POL,2016,0.729,36,0.889,1,2,1,1.907,0.753,-0.213,0.362
290,POL,2017,0.69,36,0.819,1,2,1,1.907,0.363,-0.348,0.768
290,POL,2018,0.688,36,0.784,1,2,1,1.907,-0.72,-0.996,0.768
290,POL,2019,0.688,36,0.784,1,2,1,1.907,-0.525,-1.095,0.5
290,POL,2020,0.617,36,0.731,1,2,1,1.907,-0.611,-1.091,0.603
290,POL,2021,0.583,36,0.698,1,2,1,1.907,-1.157,-1.214,0.356
310,HUN,1991,0.852,36,0.942,1,1,1,1.839,1.351,1.128,1.446
310,HUN,1992,0.852,36,0.942,1,1,1,1.839,1.351,1.128,1.446
310,HUN,1993,0.852,36,0.942,1,1,1,1.839,1.351,1.128,1.446
310,HUN,1994,0.85,36,0.942,1,1,1,1.839,1.351,1.128,1.446
310,HUN,1995,0.849,36,0.942,1,1,1,1.839,1.351,1.128,1.446
310,HUN,1996,0.849,36,0.942,1,1,1,1.839,1.351,1.128,1.446
310,HUN,1997,0.849,36,0.942,1,1,1,1.839,1.351,1.128,1.446
310,HUN,1998,0.846,36,0.942,1,1,1,1.839,1.351,1.128,1.446
310,HUN,1999,0.847,36,0.942,1,1,1,1.839,1.351,1.128,1.446
310,HUN,2000,0.847,36,0.942,1,1,1,1.839,1.351,1.128,1.446
310,HUN,2001,0.847,36,0.942,1,1,1,1.839,1.351,1.128,1.446
310,HUN,2002,0.852,36,0.942,1,1,1,1.839,1.351,1.128,1.446
310,HUN,2003,0.853,36,0.942,1,1,1,1.839,1.351,1.128,1.446
310,HUN,2004,0.853,36,0.942,1,1,1,1.839,1.351,1.128,1.446
310,HUN,2005,0.853,36,0.942,1,1,1,1.839,1.351,1.128,1.446
310,HUN,2006,0.831,36,0.886,1,1,1,1.839,1.181,1.128,1.557
310,HUN,2007,0.854,36,0.942,1,1,1,1.839,1.338,1.128,1.557
310,HUN,2008,0.854,36,0.942,1,1,1,1.839,1.338,1.128,1.557
310,HUN,2009,0.854,36,0.942,1,1,1,1.839,1.338,1.128,1.437
310,HUN,2010,0.805,36,0.895,1,1,1,1.839,0.717,0.398,1.018
310,HUN,2011,0.783,39,0.895,1,2,1,1.839,-0.656,-0.282,1.018
310,HUN,2012,0.779,39,0.895,1,2,1,1.839,-0.344,-0.282,1.018
310,HUN,2013,0.734,39,0.853,1,2,1,1.839,1.32,0.855,1.018
310,HUN,2014,0.666,39,0.853,1,2,1,1.839,1.32,0.855,1.018
310,HUN,2015,0.621,39,0.853,1,2,1,1.839,1.014,0.855,1.018
310,HUN,2016,0.606,39,0.853,1,2,1,1.839,1.014,0.855,1.018
310,HUN,2017,0.561,39,0.877,1,2,1,1.839,0.497,0.855,1.018
310,HUN,2018,0.483,39,0.864,1,2,1,1.839,0.497,0.172,1.018
310,HUN,2019,0.466,39,0.864,1,2,1,1.839,0.838,0.172,1.018
310,HUN,2020,0.46,39,0.864,1,2,1,1.839,1.42,0.001,0.989
310,HUN,2021,0.455,39,0.864,1,2,1,1.839,1.42,0.001,0.989
316,CZR,1993,0.897,34,0.957,1,4,1,1.844,1.846,1.727,2.082
316,CZR,1994,0.897,34,0.957,1,4,1,1.844,1.846,1.727,2.082
316,CZR,1995,0.897,34,0.957,1,4,1,1.844,1.846,1.727,2.082
316,CZR,1996,0.897,34,0.957,1,4,1,1.844,1.846,1.727,2.082
316,CZR,1997,0.897,34,0.957,1,4,1,1.844,1.846,1.727,2.082
316,CZR,1998,0.889,34,0.957,1,4,1,1.844,1.846,1.727,2.082
316,CZR,1999,0.882,34,0.957,1,4,1,1.844,1.846,1.727,2.082
316,CZR,2000,0.882,34,0.957,1,4,1,1.844,1.846,1.727,2.082
316,CZR,2001,0.882,34,0.957,1,4,1,1.844,1.846,1.727,2.082
316,CZR,2002,0.891,32,0.957,1,3,1,1.844,1.846,1.727,2.082
316,CZR,2003,0.898,32,0.957,1,3,1,1.844,1.846,1.727,2.082
316,CZR,2004,0.899,32,0.957,1,3,1,1.844,1.575,1.727,2.082
316,CZR,2005,0.899,32,0.957,1,3,1,1.844,1.575,1.727,2.082
316,CZR,2006,0.904,32,0.966,1,3,1,1.844,1.575,1.727,2.082
316,CZR,2007,0.905,32,0.966,1,3,1,1.844,1.736,1.727,2.082
316,CZR,2008,0.905,32,0.966,1,3,1,1.844,1.736,1.727,2.082
316,CZR,2009,0.894,32,0.966,1,3,1,1.844,1.736,1.727,2.082
316,CZR,2010,0.889,32,0.966,1,3,1,1.844,1.465,1.727,1.604
316,CZR,2011,0.898,32,0.966,1,3,1,1.844,1.465,1.727,1.604
316,CZR,2012,0.898,32,0.966,1,3,1,1.844,1.465,1.727,2.155
316,CZR,2013,0.876,32,0.966,1,3,1,1.844,1.391,1.727,2.155
316,CZR,2014,0.864,32,0.966,1,3,1,1.844,1.391,1.727,2.072
316,CZR,2015,0.864,32,0.966,1,3,1,1.844,1.54,1.727,2.072
316,CZR,2016,0.864,32,0.95,1,3,1,1.844,1.54,0.237,2.072
316,CZR,2017,0.843,32,0.959,1,3,1,1.844,1.238,0.237,1.537
316,CZR,2018,0.823,32,0.959,1,3,1,1.844,1.621,0.237,1.537
316,CZR,2019,0.819,32,0.959,1,3,1,1.844,1.621,0.237,1.537
316,CZR,2020,0.822,32,0.989,1,3,1,1.844,1.621,0.237,1.714
316,CZR,2021,0.805,32,0.984,1,3,1,1.844,1.621,0.237,1.325
317,SLO,1993,0.76,38,0.947,1,4,1,1.771,1.357,1.553,1.32
317,SLO,1994,0.715,38,0.904,1,4,1,1.771,1.033,0.299,0.804
317,SLO,1995,0.713,38,0.904,1,4,1,1.771,1.033,0.299,0.67
317,SLO,1996,0.713,38,0.904,1,4,1,1.771,1.033,0.299,0.67
317,SLO,1997,0.713,38,0.904,1,4,1,1.771,1.033,0.299,0.67
317,SLO,1998,0.777,38,0.944,1,4,1,1.771,1.033,0.299,1.732
317,SLO,1999,0.85,38,0.944,1,4,1,1.771,1.698,1.774,1.785
317,SLO,2000,0.854,38,0.944,1,4,1,1.771,1.698,1.774,1.785
317,SLO,2001,0.854,38,0.944,1,4,1,1.771,1.698,1.774,1.785
317,SLO,2002,0.853,38,0.944,1,4,1,1.771,1.698,1.774,1.785
317,SLO,2003,0.852,38,0.944,1,4,1,1.771,1.698,1.774,1.785
317,SLO,2004,0.853,38,0.944,1,4,1,1.771,1.698,1.774,1.785
317,SLO,2005,0.853,38,0.944,1,4,1,1.771,1.698,1.774,1.785
317,SLO,2006,0.824,38,0.944,1,4,1,1.771,0.937,1.316,1.785
317,SLO,2007,0.835,38,0.932,1,4,1,1.771,0.937,1.316,1.699
317,SLO,2008,0.841,38,0.932,1,4,1,1.771,0.937,1.316,1.699
317,SLO,2009,0.843,38,0.932,1,4,1,1.771,0.937,1.316,1.699
317,SLO,2010,0.858,38,0.932,1,4,1,1.771,1.604,1.316,1.685
317,SLO,2011,0.86,38,0.945,1,4,1,1.771,1.709,1.316,1.685
317,SLO,2012,0.848,38,0.945,1,4,1,1.771,1.709,1.316,1.265
317,SLO,2013,0.838,38,0.933,1,4,1,1.771,2.128,1.316,1.265
317,SLO,2014,0.842,38,0.933,1,4,1,1.771,2.128,1.316,1.265
317,SLO,2015,0.845,38,0.933,1,4,1,1.771,1.799,1.316,1.265
317,SLO,2016,0.844,38,0.932,1,4,1,1.771,1.228,1.316,1.265
317,SLO,2017,0.838,38,0.922,1,4,1,1.771,1.228,1.316,1.566
317,SLO,2018,0.815,38,0.909,1,4,1,1.771,1.228,1.316,1.566
317,SLO,2019,0.843,38,0.898,1,4,1,1.771,1.228,1.316,1.566
317,SLO,2020,0.851,38,0.96,1,4,1,1.771,1.157,1.697,2.028
317,SLO,2021,0.856,38,0.96,1,4,1,1.771,0.677,1.697,2.028
339,ALB,1998,0.386,37,0.785,1,4,1,1.942,-0.812,-0.893,0.837
339,ALB,1999,0.389,37,0.81,1,4,1,1.942,-0.436,-0.253,0.837
339,ALB,2000,0.401,37,0.89,1,4,1,1.942,0.67,0.236,0.602
339,ALB,2001,0.433,37,0.89,1,4,1,1.942,0.67,0.236,0.602
339,ALB,2002,0.477,37,0.89,1,4,1,1.942,0.67,0.236,0.602
339,ALB,2003,0.482,37,0.89,1,4,1,1.942,0.67,0.236,0.602
339,ALB,2004,0.474,37,0.89,1,4,1,1.942,0.67,0.236,0.602
339,ALB,2005,0.505,37,0.89,1,4,1,1.942,0.67,0.236,0.602
339,ALB,2006,0.536,37,0.89,1,4,1,1.942,0.67,0.236,0.602
339,ALB,2007,0.54,37,0.89,1,4,1,1.942,0.67,0.236,0.602
339,ALB,2008,0.538,37,0.89,1,4,1,1.942,0.428,0.236,0.602
339,ALB,2009,0.534,37,0.924,1,4,1,1.942,0.428,0.236,0.602
339,ALB,2010,0.535,37,0.91,1,4,1,1.942,0.428,0.236,0.602
339,ALB,2011,0.535,37,0.91,1,4,1,1.942,0.428,0.236,0.602
339,ALB,2012,0.53,37,0.91,1,4,1,1.942,0.428,0.236,0.602
339,ALB,2013,0.508,37,0.885,1,4,1,1.942,1.271,0.978,1.036
339,ALB,2014,0.509,37,0.885,1,4,1,1.942,1.271,0.978,1.311
339,ALB,2015,0.509,37,0.885,1,4,1,1.942,1.271,0.978,1.311
339,ALB,2016,0.51,37,0.885,1,4,1,1.942,1.271,0.978,1.311
339,ALB,2017,0.52,37,0.834,1,4,1,1.942,0.94,0.978,1.015
339,ALB,2018,0.498,37,0.834,1,4,1,1.942,0.516,0.978,0.953
339,ALB,2019,0.486,37,0.884,1,4,1,1.942,0.607,0.69,0.953
339,ALB,2020,0.493,37,0.884,1,4,1,1.942,0.607,0.69,0.953
339,ALB,2021,0.489,37,0.856,1,4,1,1.942,0.885,1.147,0.953
340,SER,1992,0.23,31,0.73,0,3,1,0.908,-2.815,0.572,0.125
340,SER,1993,0.273,31,0.73,0,3,1,0.908,-2.815,0.572,0.125
340,SER,1994,0.273,31,0.73,0,3,1,0.908,-2.815,0.572,0.125
340,SER,1995,0.273,31,0.73,0,3,1,0.908,-2.815,0.572,0.125
340,SER,1996,0.277,31,0.73,0,3,1,0.908,-2.815,0.572,0.125
340,SER,1997,0.28,31,0.73,0,3,1,0.908,-2.815,0.572,0.125
340,SER,1998,0.281,31,0.73,0,3,1,0.908,-2.815,0.572,0.125
340,SER,1999,0.281,31,0.73,0,3,1,0.908,-2.815,0.572,0.125
340,SER,2000,0.365,31,0.856,0,3,1,0.908,-2.815,0.572,0.125
340,SER,2001,0.593,31,0.862,0,3,1,0.908,-1.93,1.155,0.984
340,SER,2002,0.617,31,0.862,0,3,1,0.908,0.698,1.155,0.984
340,SER,2003,0.657,35,0.862,1,3,0,0.908,0.698,1.155,0.984
340,SER,2004,0.639,35,0.862,1,3,0,0.908,0.698,1.155,0.984
340,SER,2005,0.639,35,0.862,1,3,0,0.908,0.698,1.155,0.984
340,SER,2006,0.642,40,0.862,1,3,1,0.908,0.698,1.155,0.984
340,SER,2007,0.634,40,0.862,1,3,1,0.908,0.698,1.155,1.195
340,SER,2008,0.638,40,0.862,1,0,1,0.908,0.375,1.557,1.195
340,SER,2009,0.634,40,0.862,1,0,1,0.908,-0.799,1.557,1.195
340,SER,2010,0.618,40,0.862,1,0,1,0.908,-0.858,0.198,1.178
340,SER,2011,0.618,40,0.862,1,1,1,0.908,0.382,0.198,1.178
340,SER,2012,0.598,40,0.862,1,1,1,0.908,0.641,0.198,1.178
340,SER,2013,0.503,40,0.799,1,1,1,1.442,0.495,0.972,1.178
340,SER,2014,0.449,40,0.799,1,1,1,1.442,0.495,0.972,1.283
340,SER,2015,0.429,40,0.799,1,1,1,1.442,0.358,0.972,1.283
340,SER,2016,0.416,40,0.799,1,1,1,1.442,0.739,0.972,1.242
340,SER,2017,0.378,40,0.779,1,1,1,1.442,0.692,0.827,1.148
340,SER,2018,0.363,40,0.779,1,1,1,1.874,0.758,0.616,1.204
340,SER,2019,0.367,40,0.84,1,1,1,1.874,1.286,0.616,1.23
340,SER,2020,0.357,40,0.834,1,1,1,1.874,1.286,0.616,1.178
340,SER,2021,0.348,40,0.825,1,1,1,0.875,1.214,0.616,1.23
341,MNG,2006,0.497,34,0.687,1,3,1,1.687,1.382,1.681,1.384
341,MNG,2007,0.49,43,0.836,1,3,1,1.687,1.382,1.681,1.384
341,MNG,2008,0.501,43,0.836,1,3,1,1.687,0.964,1.681,1.384
341,MNG,2009,0.505,43,0.836,1,3,1,1.687,0.964,1.681,1.384
341,MNG,2010,0.505,43,0.836,1,3,1,1.687,0.964,1.681,1.384
341,MNG,2011,0.505,43,0.836,1,3,1,1.687,0.964,1.681,1.384
341,MNG,2012,0.502,43,0.836,1,3,1,1.687,0.964,1.681,1.384
341,MNG,2013,0.477,43,0.835,1,3,1,1.687,0.964,1.681,1.384
341,MNG,2014,0.469,43,0.835,1,3,1,1.687,0.964,1.681,1.384
341,MNG,2015,0.469,43,0.835,1,3,1,1.687,0.964,1.681,1.384
341,MNG,2016,0.466,43,0.835,1,3,1,1.687,0.964,1.681,1.384
341,MNG,2017,0.45,43,0.812,1,3,1,1.687,1.656,1.681,1.384
341,MNG,2018,0.462,43,0.812,1,3,1,1.687,1.124,1.681,1.384
341,MNG,2019,0.462,43,0.812,1,3,1,1.687,1.124,1.681,1.384
341,MNG,2020,0.481,43,0.812,1,3,1,1.687,1.124,1.681,1.384
341,MNG,2021,0.507,43,0.812,1,3,1,1.687,1.045,1.681,1.384
343,MAC,1992,0.274,32,0.689,1,2,1,1.525,0.551,1.392,1.12
343,MAC,1993,0.278,32,0.689,1,2,1,1.525,0.551,1.392,1.12
343,MAC,1994,0.32,32,0.689,1,2,1,1.525,0.551,1.392,1.12
343,MAC,1995,0.456,32,0.689,1,2,1,1.525,0.551,1.392,1.12
343,MAC,1996,0.47,32,0.689,1,2,1,1.525,0.551,1.392,1.12
343,MAC,1997,0.482,32,0.689,1,2,1,1.525,0.551,1.392,1.12
343,MAC,1998,0.514,32,0.689,1,2,1,1.525,0.551,1.392,1.12
343,MAC,1999,0.566,32,0.689,1,2,1,1.525,0.792,1.392,1.12
343,MAC,2000,0.458,32,0.689,1,2,1,1.525,0.792,1.392,1.12
343,MAC,2001,0.449,32,0.689,1,2,1,1.525,0.451,1.392,1.017
343,MAC,2002,0.527,32,0.778,1,2,1,1.525,0.451,1.392,1.017
343,MAC,2003,0.608,32,0.761,1,2,1,1.525,0.451,1.392,1.017
343,MAC,2004,0.619,32,0.761,1,2,1,1.525,0.451,1.392,1.017
343,MAC,2005,0.609,32,0.761,1,2,1,1.525,0.451,1.392,1.017
343,MAC,2006,0.6,32,0.755,1,2,1,1.525,0.451,1.392,0.684
343,MAC,2007,0.583,32,0.755,1,2,1,1.525,0.357,1.246,0.524
343,MAC,2008,0.552,32,0.741,1,2,1,1.525,0.357,0.884,0.524
343,MAC,2009,0.531,32,0.741,1,2,1,1.525,-0.279,0.509,0.114
343,MAC,2010,0.522,32,0.754,1,2,1,1.525,-0.332,0.481,-0.15
343,MAC,2011,0.477,32,0.739,1,2,1,1.525,-0.439,0.772,-0.25
343,MAC,2012,0.452,32,0.738,1,2,1,1.525,-0.494,0.772,-0.003
343,MAC,2013,0.444,32,0.697,1,2,1,0.692,-0.427,1.015,-0.583
343,MAC,2014,0.445,32,0.697,1,2,1,0.692,-0.272,1.015,-0.583
343,MAC,2015,0.442,32,0.691,1,2,1,0.692,-0.272,1.015,-0.583
343,MAC,2016,0.45,32,0.691,1,2,1,0.692,-0.448,1.015,-0.583
343,MAC,2017,0.547,32,0.722,1,2,1,0.692,-0.191,1.09,0.225
343,MAC,2018,0.579,32,0.705,1,2,1,0.692,0.195,0.945,0.285
343,MAC,2019,0.599,32,0.69,1,2,1,0.692,0.262,1.481,0.469
343,MAC,2020,0.596,32,0.675,1,2,1,0.968,0.233,1.481,0.284
343,MAC,2021,0.585,32,0.675,1,2,1,0.968,0.233,1.247,0.446
344,CRO,1991,0.245,36,0.596,1,3,0,1.666,-3.293,-2.389,0.722
344,CRO,1992,0.3,36,0.619,1,3,0,1.666,-1.447,-2.389,0.36
344,CRO,1993,0.374,36,0.619,1,3,0,1.666,-1.447,-2.389,0.36
344,CRO,1994,0.382,36,0.619,1,3,0,1.666,-1.447,-2.389,0.509
344,CRO,1995,0.383,36,0.619,1,3,0,1.666,-1.447,-2.389,0.509
344,CRO,1996,0.405,36,0.695,1,3,0,1.666,-1.447,-1.195,0.509
344,CRO,1997,0.418,36,0.721,1,3,0,1.666,-1.173,-0.964,0.509
344,CRO,1998,0.425,36,0.721,1,3,0,1.666,-1.173,-0.964,0.509
344,CRO,1999,0.433,36,0.721,1,3,0,1.666,-1.173,-0.964,0.509
344,CRO,2000,0.77,36,0.853,1,3,0,1.666,0.612,1.329,1.198
344,CRO,2001,0.769,36,0.853,1,3,1,1.666,0.612,1.329,1.198
344,CRO,2002,0.767,36,0.853,1,3,1,1.666,1.258,1.329,1.198
344,CRO,2003,0.77,36,0.853,1,3,1,1.666,1.258,1.329,1.198
344,CRO,2004,0.752,36,0.853,1,3,1,1.666,1.258,1.329,1.198
344,CRO,2005,0.77,36,0.853,1,3,1,1.666,1.258,1.329,1.198
344,CRO,2006,0.773,36,0.853,1,3,1,1.666,1.258,1.329,1.198
344,CRO,2007,0.782,36,0.853,1,3,1,1.666,1.258,1.329,1.198
344,CRO,2008,0.782,36,0.853,1,3,1,1.666,1.258,1.329,1.198
344,CRO,2009,0.789,36,0.853,1,3,1,1.666,1.258,1.329,1.198
344,CRO,2010,0.844,36,0.822,1,3,1,1.666,1.258,1.329,1.666
344,CRO,2011,0.854,36,0.822,1,3,1,1.666,1.258,1.329,1.666
344,CRO,2012,0.851,36,0.822,1,3,1,1.666,1.258,1.329,1.666
344,CRO,2013,0.835,36,0.826,1,3,1,1.666,1.341,1.329,1.535
344,CRO,2014,0.828,36,0.826,1,3,1,1.666,1.341,1.329,1.535
344,CRO,2015,0.814,36,0.826,1,3,1,1.666,1.341,1.329,1.535
344,CRO,2016,0.766,36,0.826,1,3,1,1.666,1.341,0.355,1.535
344,CRO,2017,0.743,36,0.847,1,3,1,1.666,1.341,1.347,1.535
344,CRO,2018,0.736,36,0.86,1,3,1,1.666,1.341,1.347,1.535
344,CRO,2019,0.742,36,0.868,1,3,1,1.666,1.337,0.427,1.535
344,CRO,2020,0.765,36,0.859,1,3,1,1.666,1.487,1.616,1.535
344,CRO,2021,0.754,36,0.851,1,3,1,1.666,1.487,1.616,1.535
346,BOS,1995,0.191,16,0.31,0,0,0.5,-0.32,-2.31,1.648,-0.021
346,BOS,1996,0.27,16,0.538,0,0,0.5,0.343,-0.381,0.165,-0.021
346,BOS,1997,0.588,16,0.538,0,0,0.5,1.73,-0.381,0.165,0.208
346,BOS,1998,0.602,16,0.538,0,0,0.5,1.73,-0.28,0.165,0.208
346,BOS,1999,0.626,16,0.538,0,0,0.5,1.73,-0.28,0.165,0.208
346,BOS,2000,0.643,16,0.675,0,0,0.5,1.73,-0.151,0.165,-0.102
346,BOS,2001,0.657,16,0.714,0,0,0.5,1.73,-0.151,0.165,0.223
346,BOS,2002,0.654,16,0.714,0,0,0.5,1.73,-0.302,0.883,0.223
346,BOS,2003,0.66,16,0.714,0,0,0.5,1.73,1.02,0.883,0.223
346,BOS,2004,0.648,16,0.714,0,0,0.5,1.73,1.02,0.883,0.223
346,BOS,2005,0.648,16,0.714,0,0,0.5,1.73,1.02,0.883,0.223
346,BOS,2006,0.63,16,0.718,0,0,0.5,1.73,1.255,0.883,0.054
346,BOS,2007,0.576,16,0.718,0,0,0.5,1.73,1.255,0.883,0.054
346,BOS,2008,0.576,16,0.718,0,0,0.5,1.73,0.702,0.883,0.054
346,BOS,2009,0.579,16,0.718,0,0,0.5,1.73,0.106,0.883,0.006
346,BOS,2010,0.584,16,0.718,0,0,0.5,1.73,0.86,0.883,0.006
346,BOS,2011,0.584,16,0.718,0,0,0.5,1.73,0.86,0.883,0.006
346,BOS,2012,0.585,16,0.718,0,0,0.5,1.73,1.089,0.883,0.006
346,BOS,2013,0.573,16,0.718,0,0,0.5,1.73,0.863,1.626,-0.185
346,BOS,2014,0.566,16,0.718,0,0,0.5,1.73,0.863,1.626,-0.185
346,BOS,2015,0.557,16,0.718,0,0,0.5,1.73,0.863,1.626,-0.185
346,BOS,2016,0.566,16,0.705,0,0,0.5,1.73,0.385,0.951,0.239
346,BOS,2017,0.557,16,0.692,0,0,0.5,0.958,0.574,1.832,0.322
346,BOS,2018,0.527,16,0.612,0,0,0.5,1.759,1.405,1.832,0.223
346,BOS,2019,0.531,16,0.61,0,0,0.5,1.759,1.663,1.832,-0.335
346,BOS,2020,0.536,16,0.624,0,0,0.5,1.759,1.312,1.832,-0.561
346,BOS,2021,0.519,16,0.61,0,0,0.5,0.994,1.312,1.832,-0.361
347,KOS,2008,0.5,28,0.623,1,2,1,1.164,0.816,0.398,1.039
347,KOS,2009,0.501,28,0.63,1,2,1,1.868,0.816,0.508,1.039
347,KOS,2010,0.505,28,0.63,1,2,1,1.868,0.862,0.508,1.039
347,KOS,2011,0.475,28,0.63,1,2,1,1.868,0.786,0.508,1.039
347,KOS,2012,0.476,28,0.63,1,2,1,1.868,0.786,0.508,1.039
347,KOS,2013,0.489,28,0.611,1,2,1,1.868,0.786,-0.018,0.332
347,KOS,2014,0.55,28,0.611,1,2,1,1.868,0.786,0.111,0.332
347,KOS,2015,0.599,28,0.611,1,2,1,1.868,0.476,-0.016,0.332
347,KOS,2016,0.61,28,0.6,1,2,1,1.868,0.476,0.572,0.482
347,KOS,2017,0.535,28,0.6,1,2,1,1.868,0.476,0.758,0.482
347,KOS,2018,0.616,28,0.61,1,2,1,1.868,1.219,0.758,0.482
347,KOS,2019,0.635,28,0.61,1,2,1,1.868,1.219,0.758,0.482
347,KOS,2020,0.615,28,0.61,1,2,1,1.868,0.655,0.758,0.482
347,KOS,2021,0.612,28,0.61,1,2,1,1.868,0.655,0.758,0.482
349,SLV,1991,0.821,33,0.959,1,3,1,1.791,0.665,0.798,1.005
349,SLV,1992,0.852,33,0.959,1,3,1,1.791,2.085,0.798,1.274
349,SLV,1993,0.846,33,0.959,1,3,1,1.791,2.085,0.798,1.274
349,SLV,1994,0.852,33,0.959,1,3,0.5,1.791,2.085,0.798,1.274
349,SLV,1995,0.847,33,0.959,1,3,0.5,1.791,2.085,0.798,1.274
349,SLV,1996,0.855,33,0.959,1,3,0.5,1.791,2.085,0.798,1.274
349,SLV,1997,0.846,33,0.973,1,3,0.5,1.791,2.085,0.798,1.274
349,SLV,1998,0.841,33,0.973,1,3,0.5,1.791,2.085,0.798,1.274
349,SLV,1999,0.841,33,0.973,1,3,0.5,1.791,2.085,0.798,1.274
349,SLV,2000,0.845,33,0.973,1,3,0.5,1.791,2.085,0.798,0.576
349,SLV,2001,0.826,33,0.973,1,3,0.5,1.791,2.085,0.798,0.576
349,SLV,2002,0.85,33,0.973,1,3,0.5,1.791,2.085,0.798,0.576
349,SLV,2003,0.847,33,0.973,1,3,0.5,1.791,2.085,0.798,0.576
349,SLV,2004,0.828,33,0.973,1,3,0.5,1.791,2.085,0.798,0.576
349,SLV,2005,0.828,33,0.973,1,3,0.5,1.791,2.085,0.798,0.576
349,SLV,2006,0.83,33,0.973,1,3,0.5,1.791,1.973,0.798,0.576
349,SLV,2007,0.83,33,0.973,1,3,0.5,1.791,2.073,0.798,0.576
349,SLV,2008,0.832,33,0.973,1,3,0.5,1.791,1.996,0.798,0.576
349,SLV,2009,0.878,33,0.973,1,3,0.5,1.791,2.219,1.025,1.222
349,SLV,2010,0.872,33,0.978,1,3,0.5,1.791,2.219,1.025,1.222
349,SLV,2011,0.862,33,0.978,1,3,0.5,1.791,2.219,1.025,1.222
349,SLV,2012,0.85,33,0.978,1,3,0.5,1.791,2.098,1.025,0.762
349,SLV,2013,0.859,33,0.978,1,3,0.5,1.791,2.098,1.025,0.762
349,SLV,2014,0.865,33,0.978,1,3,0.5,1.791,2.098,1.025,1.225
349,SLV,2015,0.877,33,0.978,1,3,0.5,1.791,2.378,1.025,1.225
349,SLV,2016,0.863,33,0.978,1,3,0.5,1.791,2.378,1.025,1.225
349,SLV,2017,0.842,33,0.978,1,3,0.5,1.791,2.378,1.025,1.225
349,SLV,2018,0.835,33,0.978,1,3,0.5,1.791,2.378,1.025,1.225
349,SLV,2019,0.803,33,0.978,1,3,0.5,1.791,2.378,1.025,1.225
349,SLV,2020,0.749,33,0.939,1,3,0.5,1.791,1.349,1.025,0.431
349,SLV,2021,0.702,33,0.939,1,3,0.5,1.791,1.616,1.025,0.431
355,BUL,1991,0.631,38,0.859,1,4,0.5,-1.199,-0.136,0.02,1.265
355,BUL,1992,0.699,38,0.859,1,4,0.5,0.556,0.285,0.02,1.93
355,BUL,1993,0.695,38,0.859,1,4,0.5,0.556,0.627,0.366,1.93
355,BUL,1994,0.698,38,0.859,1,4,0.5,0.556,0.627,0.366,1.93
355,BUL,1995,0.695,38,0.859,1,4,0.5,0.556,1.096,0.366,1.93
355,BUL,1996,0.7,38,0.859,1,4,0.5,0.556,1.096,0.366,1.93
355,BUL,1997,0.713,38,0.859,1,4,0.5,0.556,1.096,0.366,1.93
355,BUL,1998,0.711,38,0.859,1,4,0.5,0.556,0.856,0.366,1.93
355,BUL,1999,0.719,38,0.859,1,4,0.5,0.556,0.856,0.366,1.93
355,BUL,2000,0.722,38,0.859,1,4,0.5,0.556,0.856,0.366,1.93
355,BUL,2001,0.695,38,0.859,1,4,0.5,0.556,0.856,0.366,1.93
355,BUL,2002,0.722,38,0.859,1,4,0.5,0.556,1.45,1.835,1.93
355,BUL,2003,0.722,38,0.859,1,4,0.5,0.556,1.45,1.835,1.93
355,BUL,2004,0.72,38,0.859,1,4,0.5,0.556,1.45,1.835,1.93
355,BUL,2005,0.706,38,0.859,1,4,0.5,0.556,1.45,1.835,1.93
355,BUL,2006,0.708,38,0.875,1,4,0.5,1.137,1.45,1.016,1.93
355,BUL,2007,0.717,38,0.875,1,4,0.5,1.137,1.572,1.838,1.93
355,BUL,2008,0.721,38,0.875,1,4,0.5,1.137,1.572,1.559,1.93
355,BUL,2009,0.7,38,0.812,1,4,0.5,1.137,0.515,1.372,1.791
355,BUL,2010,0.686,38,0.812,1,4,0.5,1.137,1.155,1.372,1.701
355,BUL,2011,0.682,38,0.812,1,4,0.5,1.137,1.155,0.868,1.701
355,BUL,2012,0.667,38,0.846,1,4,0.5,1.137,0.209,1.571,1.701
355,BUL,2013,0.662,38,0.759,1,4,0.5,1.713,1.352,1.734,1.604
355,BUL,2014,0.681,38,0.742,1,4,0.5,1.713,0.63,1.734,1.604
355,BUL,2015,0.674,38,0.742,1,4,0.5,1.713,1.166,1.534,2.069
355,BUL,2016,0.674,38,0.742,1,4,0.5,1.713,1.166,1.534,1.992
355,BUL,2017,0.631,38,0.742,1,4,0.5,1.713,1.334,0.462,1.992
355,BUL,2018,0.614,38,0.742,1,4,0.5,1.713,1.51,1.488,1.461
355,BUL,2019,0.612,38,0.742,1,4,0.5,1.713,0.845,1.488,1.461
355,BUL,2020,0.615,38,0.742,1,4,0.5,0.983,0.674,1.488,1.461
355,BUL,2021,0.667,38,0.742,1,4,0.5,0.983,1.112,1.488,1.461
359,MLD,1992,0.507,29,0.601,1,0,0.5,1.496,0.477,1.533,1.85
359,MLD,1993,0.511,29,0.601,1,0,0.5,1.496,0.477,1.533,1.85
359,MLD,1994,0.581,37,0.769,1,3,0.5,0.734,1.021,1.533,1.85
359,MLD,1995,0.601,37,0.769,1,3,0.5,0.734,1.402,1.533,0.823
359,MLD,1996,0.601,37,0.769,1,3,0.5,0.734,1.402,-0.021,0.823
359,MLD,1997,0.604,37,0.769,1,3,0.5,0.734,1.402,1.512,0.823
359,MLD,1998,0.587,37,0.769,1,3,0.5,0.734,1.402,1.512,0.823
359,MLD,1999,0.593,37,0.849,1,3,0.5,0.734,1.402,1.512,0.823
359,MLD,2000,0.586,37,0.849,1,3,0.5,0.734,1.402,1.512,0.823
359,MLD,2001,0.529,37,0.721,1,3,0.5,0.734,0.601,0.164,1.619
359,MLD,2002,0.519,37,0.721,1,3,0.5,0.734,0.601,0.164,1.619
359,MLD,2003,0.519,37,0.721,1,3,0.5,0.734,0.601,-0.592,1.619
359,MLD,2004,0.525,37,0.721,1,3,0.5,0.734,0.601,0.451,1.619
359,MLD,2005,0.464,37,0.721,1,3,0.5,0.734,0.601,0.451,1.619
359,MLD,2006,0.455,37,0.721,1,3,0.5,0.734,0.601,0.451,1.619
359,MLD,2007,0.454,37,0.721,1,3,0.5,0.734,0.601,0.451,1.659
359,MLD,2008,0.451,37,0.721,1,3,0.5,0.734,0.601,0.451,1.618
359,MLD,2009,0.478,37,0.707,1,3,0.5,0.734,0.601,0.451,1.618
359,MLD,2010,0.638,37,0.808,1,3,0.5,0.846,1.19,1.682,1.839
359,MLD,2011,0.699,37,0.808,1,3,0.5,0.846,1.19,1.682,1.839
359,MLD,2012,0.69,37,0.808,1,3,0.5,0.846,1.19,1.682,1.839
359,MLD,2013,0.658,37,0.733,1,3,0.5,0.846,1.19,1.682,1.839
359,MLD,2014,0.644,37,0.733,1,3,0.5,0.846,1.19,1.682,1.839
359,MLD,2015,0.579,37,0.733,1,3,0.5,0.846,0.336,1.682,1.731
359,MLD,2016,0.539,37,0.733,1,3,0.5,1.702,0.336,0.711,2.218
359,MLD,2017,0.522,37,0.733,1,3,0.5,1.702,-0.312,1.576,2.218
359,MLD,2018,0.516,37,0.733,1,3,0.5,1.702,-0.199,0.499,1.945
359,MLD,2019,0.608,37,0.733,1,3,0.5,1.702,0.781,0.499,0.892
359,MLD,2020,0.633,37,0.733,1,3,0.5,1.702,0.641,0.499,1.814
359,MLD,2021,0.745,37,0.795,1,3,0.5,1.702,0.411,0.499,1.973
360,ROM,1991,0.543,37,0.787,1,3,0.5,-2.382,1.213,1.271,-0.116
360,ROM,1992,0.557,37,0.787,1,3,0.5,0.011,1.213,1.271,0.645
360,ROM,1993,0.565,37,0.787,1,3,0.5,1.219,1.213,1.271,0.645
360,ROM,1994,0.565,37,0.787,1,3,0.5,1.219,1.213,1.271,0.645
360,ROM,1995,0.565,37,0.787,1,3,0.5,1.219,1.213,1.271,0.645
360,ROM,1996,0.579,37,0.787,1,3,0.5,1.219,1.213,1.271,0.645
360,ROM,1997,0.625,37,0.787,1,3,0.5,1.219,1.213,1.271,0.645
360,ROM,1998,0.625,37,0.787,1,3,0.5,1.219,1.213,1.271,0.645
360,ROM,1999,0.625,37,0.787,1,3,0.5,1.219,1.213,1.271,0.645
360,ROM,2000,0.617,37,0.787,1,3,0.5,1.219,1.213,1.271,0.645
360,ROM,2001,0.6,37,0.787,1,3,0.5,1.219,1.213,1.271,0.645
360,ROM,2002,0.6,37,0.787,1,3,0.5,1.219,1.213,1.271,0.645
360,ROM,2003,0.611,39,0.787,1,4,0.5,1.219,1.213,1.271,0.645
360,ROM,2004,0.594,39,0.787,1,4,0.5,1.219,1.376,1.271,0.645
360,ROM,2005,0.607,39,0.787,1,4,0.5,1.219,1.376,1.271,0.645
360,ROM,2006,0.611,39,0.787,1,4,0.5,1.219,1.376,1.271,0.645
360,ROM,2007,0.612,39,0.83,1,4,0.5,1.219,1.376,1.547,0.794
360,ROM,2008,0.621,39,0.83,1,4,0.5,1.219,1.498,1.547,0.794
360,ROM,2009,0.669,39,0.83,1,4,0.5,1.219,1.498,1.547,0.794
360,ROM,2010,0.682,39,0.855,1,4,0.5,1.219,1.498,1.547,0.794
360,ROM,2011,0.686,39,0.855,1,4,0.5,1.219,1.498,1.547,0.794
360,ROM,2012,0.676,39,0.855,1,4,0.5,1.219,1.639,1.547,0.591
360,ROM,2013,0.671,39,0.855,1,4,0.5,1.219,1.501,1.547,0.915
360,ROM,2014,0.676,39,0.855,1,4,0.5,1.219,1.501,1.547,0.915
360,ROM,2015,0.712,39,0.883,1,4,0.5,1.219,1.501,1.547,1.217
360,ROM,2016,0.733,39,0.896,1,4,0.5,1.219,2.243,1.547,1.217
360,ROM,2017,0.695,39,0.813,1,4,0.5,1.219,0.953,1.547,0.67
360,ROM,2018,0.691,39,0.813,1,4,0.5,1.219,-0.08,1.574,0.189
360,ROM,2019,0.75,39,0.813,1,4,0.5,1.219,0.281,1.574,0.189
360,ROM,2020,0.801,39,0.813,1,4,0.5,1.461,0.727,1.574,1.318
360,ROM,2021,0.768,39,0.813,1,4,0.5,0.664,-0.288,1.574,0.803
365,RUS,1991,0.256,24,0.273,1,0,0,-1.179,-0.128,1.601,-0.941
365,RUS,1992,0.502,24,0.56,1,0,0,0.115,-0.112,1.601,-0.494
365,RUS,1993,0.483,32,0.536,1,0,0.5,1.277,-0.112,1.601,-0.494
365,RUS,1994,0.482,32,0.601,1,0,0.5,1.277,-0.112,1.601,-0.494
365,RUS,1995,0.48,32,0.601,1,0,0.5,1.277,-0.112,1.601,-0.494
365,RUS,1996,0.467,32,0.626,1,0,0.5,1.277,0.252,1.601,-0.494
365,RUS,1997,0.462,32,0.62,1,0,0.5,1.277,0.252,1.601,-0.494
365,RUS,1998,0.462,32,0.62,1,0,0.5,1.277,0.252,1.601,-0.712
365,RUS,1999,0.466,32,0.62,1,0,0.5,1.277,0.252,1.601,-0.712
365,RUS,2000,0.412,32,0.57,1,0,0.5,1.277,0.252,1.601,-0.712
365,RUS,2001,0.381,32,0.57,1,0,0.5,1.277,0.252,1.601,-1.117
365,RUS,2002,0.359,32,0.535,1,0,0.5,1.277,0.252,1.601,-1.117
365,RUS,2003,0.347,32,0.467,1,0,0.5,1.277,0.252,1.601,-1.117
365,RUS,2004,0.324,32,0.467,1,0,0.5,1.277,0.252,1.601,-1.117
365,RUS,2005,0.321,32,0.467,1,0,0.5,1.277,0.252,1.601,-1.117
365,RUS,2006,0.325,32,0.467,1,0,0.5,1.277,0.105,1.601,-1.117
365,RUS,2007,0.314,32,0.467,1,0,0.5,1.277,0.385,1.601,-1.117
365,RUS,2008,0.308,32,0.467,1,0,0.5,1.277,0.385,1.33,-1.085
365,RUS,2009,0.309,32,0.467,1,0,0.5,1.277,0.042,1.617,-1.085
365,RUS,2010,0.307,32,0.467,1,0,0.5,1.277,0.304,1.617,-1.077
365,RUS,2011,0.305,32,0.473,1,0,0.5,1.277,0.558,1.617,-1.043
365,RUS,2012,0.282,32,0.416,1,0,0.5,1.277,0.558,1.617,-1.295
365,RUS,2013,0.277,32,0.418,1,0,0.5,1.277,0.776,1.281,-1.295
365,RUS,2014,0.27,32,0.428,1,0,0.5,1.277,0.665,1.813,-1.295
365,RUS,2015,0.269,32,0.417,1,0,0.5,1.277,0.539,1.484,-1.4
365,RUS,2016,0.267,32,0.417,1,0,0.5,1.277,0.539,1.793,-1.4
365,RUS,2017,0.267,32,0.369,1,0,0.5,1.277,0.543,1.378,-1.485
365,RUS,2018,0.268,32,0.363,1,0,0.5,1.277,0.543,1.378,-1.485
365,RUS,2019,0.267,32,0.363,1,0,0.5,1.277,0.083,1.378,-1.485
365,RUS,2020,0.263,33,0.363,1,1,0.5,1.277,0.232,1.378,-1.485
365,RUS,2021,0.252,33,0.363,1,1,0.5,1.277,0.232,1.378,-1.485
367,LAT,1991,0.6,25,0.834,1,0,0.5,-1.029,0.881,0.62,1.305
367,LAT,1992,0.682,25,0.834,1,0,0.5,-1.029,0.881,0.62,1.305
367,LAT,1993,0.75,25,0.941,1,0,0.5,-1.029,0.397,0.62,1.305
367,LAT,1994,0.797,25,0.941,1,0,0.5,-1.029,0.865,0.62,1.305
367,LAT,1995,0.801,25,0.941,1,0,0.5,-1.029,0.865,0.62,1.305
367,LAT,1996,0.797,25,0.941,1,0,0.5,1.727,0.865,0.62,2.611
367,LAT,1997,0.813,25,0.941,1,0,0.5,1.727,0.865,0.62,2.611
367,LAT,1998,0.812,25,0.941,1,0,0.5,1.727,1.054,1.119,2.611
367,LAT,1999,0.81,25,0.941,1,0,0.5,1.727,1.054,1.119,2.611
367,LAT,2000,0.81,25,0.941,1,0,0.5,1.727,1.054,1.119,2.611
367,LAT,2001,0.81,25,0.941,1,0,0.5,1.727,1.054,1.119,2.611
367,LAT,2002,0.809,25,0.941,1,0,0.5,1.727,1.054,1.119,2.611
367,LAT,2003,0.817,25,0.941,1,0,0.5,1.727,1.054,1.119,2.611
367,LAT,2004,0.817,25,0.941,1,0,0.5,1.727,1.054,1.119,2.611
367,LAT,2005,0.817,26,0.941,1,0,0.5,1.727,1.054,1.119,2.611
367,LAT,2006,0.805,26,0.941,1,0,0.5,1.727,1.054,1.119,2.611
367,LAT,2007,0.773,26,0.941,1,0,0.5,1.727,1.054,1.119,2.611
367,LAT,2008,0.773,26,0.941,1,0,0.5,1.727,1.126,1.328,2.611
367,LAT,2009,0.775,26,0.941,1,0,0.5,1.727,1.126,1.328,2.611
367,LAT,2010,0.781,26,0.941,1,0,0.5,1.727,1.126,1.328,2.485
367,LAT,2011,0.806,26,0.941,1,0,0.5,1.727,1.126,1.328,2.485
367,LAT,2012,0.813,26,0.941,1,0,0.5,1.727,1.177,1.328,2.485
367,LAT,2013,0.825,26,0.934,1,0,0.5,1.727,1.177,1.675,2.485
367,LAT,2014,0.829,26,0.934,1,0,0.5,1.727,1.177,1.675,2.485
367,LAT,2015,0.835,26,0.934,1,0,0.5,1.727,1.177,1.675,2.485
367,LAT,2016,0.826,26,0.879,1,0,0.5,1.727,1.177,1.675,2.485
367,LAT,2017,0.819,26,0.924,1,0,0.5,1.727,1.177,1.675,2.485
367,LAT,2018,0.825,26,0.924,1,0,0.5,1.727,1.177,1.675,2.485
367,LAT,2019,0.831,26,0.908,1,0,0.5,1.727,1.177,1.675,2.485
367,LAT,2020,0.823,26,0.908,1,0,0.5,1.727,1.177,1.675,2.485
367,LAT,2021,0.824,26,0.954,1,0,0.5,1.727,1.177,1.675,2.398
368,LIT,1992,0.805,35,0.907,1,3,0.5,-1.702,1.153,1.69,2.335
368,LIT,1993,0.82,35,0.907,1,3,0.5,0.144,1.153,1.69,1.851
368,LIT,1994,0.838,35,0.907,1,3,0.5,0.653,1.153,1.69,1.851
368,LIT,1995,0.838,35,0.907,1,3,0.5,0.653,1.153,1.69,1.851
368,LIT,1996,0.83,35,0.907,1,3,0.5,0.653,1.153,1.69,1.851
368,LIT,1997,0.831,35,0.907,1,3,0.5,0.653,1.153,1.69,1.851
368,LIT,1998,0.829,35,0.907,1,3,0.5,0.653,1.153,1.69,1.851
368,LIT,1999,0.83,35,0.907,1,3,0.5,0.653,1.153,1.69,1.851
368,LIT,2000,0.826,35,0.907,1,3,0.5,0.653,1.153,1.69,1.851
368,LIT,2001,0.823,35,0.972,1,3,0.5,0.653,1.153,1.69,1.851
368,LIT,2002,0.823,35,0.972,1,3,0.5,0.653,1.153,1.69,1.851
368,LIT,2003,0.823,35,0.972,1,3,0.5,0.653,-0.123,1.69,1.851
368,LIT,2004,0.827,35,0.972,1,3,0.5,0.653,1.431,1.69,1.851
368,LIT,2005,0.826,35,0.972,1,3,0.5,0.653,1.431,1.69,1.851
368,LIT,2006,0.828,35,0.972,1,3,1,0.653,1.431,1.69,1.851
368,LIT,2007,0.828,35,0.972,1,3,1,0.653,0.955,1.69,1.851
368,LIT,2008,0.829,35,0.972,1,3,1,0.653,1.417,1.69,1.851
368,LIT,2009,0.849,35,0.972,1,3,1,0.653,0.336,1.69,1.851
368,LIT,2010,0.849,35,0.972,1,3,1,0.653,0.996,1.69,1.851
368,LIT,2011,0.849,35,0.972,1,3,1,0.653,0.996,1.69,1.851
368,LIT,2012,0.845,35,0.972,1,3,1,0.653,0.416,1.69,1.851
368,LIT,2013,0.835,35,0.972,1,3,1,0.653,0.416,1.69,1.851
368,LIT,2014,0.836,35,0.972,1,3,1,0.653,0.416,1.69,1.851
368,LIT,2015,0.841,35,0.972,1,3,1,0.653,0.416,1.69,1.851
368,LIT,2016,0.829,35,0.972,1,3,1,0.653,0.609,1.69,1.851
368,LIT,2017,0.81,35,0.976,1,3,1,0.653,1.012,1.69,1.851
368,LIT,2018,0.819,35,0.964,1,3,1,0.653,1.012,1.69,1.851
368,LIT,2019,0.825,35,0.923,1,3,0.5,0.653,0.403,1.69,1.851
368,LIT,2020,0.809,35,0.934,1,3,0.5,0.653,1.017,1.69,1.851
368,LIT,2021,0.797,35,0.948,1,3,0.5,1.633,0.757,1.69,1.851
369,UKR,1991,0.435,27,0.838,1,1,0.5,0.27,0.488,0.433,0.867
369,UKR,1992,0.541,27,0.601,1,1,0.5,0.27,0.948,1.466,0.401
369,UKR,1993,0.542,27,0.601,1,1,0.5,0.27,0.948,1.466,0.401
369,UKR,1994,0.551,27,0.601,1,1,0.5,0.27,0.948,1.466,0.401
369,UKR,1995,0.561,27,0.601,1,1,0.5,0.27,0.948,1.466,0.401
369,UKR,1996,0.546,39,0.601,1,0,0.5,0.96,0.948,-0.227,-0.8
369,UKR,1997,0.525,39,0.601,1,0,0.5,1.774,0.948,1.039,-0.8
369,UKR,1998,0.455,39,0.601,1,0,0.5,1.774,0.948,1.039,-0.8
369,UKR,1999,0.433,39,0.601,1,0,0.5,1.774,0.948,0.751,-0.8
369,UKR,2000,0.386,39,0.642,1,0,0.5,1.774,0.948,0.751,-0.8
369,UKR,2001,0.382,39,0.642,1,0,0.5,1.774,-0.653,0.751,-0.8
369,UKR,2002,0.388,39,0.642,1,0,0.5,1.774,-0.198,0.751,-0.8
369,UKR,2003,0.396,39,0.642,1,0,0.5,1.774,-0.198,0.751,-0.8
369,UKR,2004,0.38,39,0.642,1,0,0.5,1.774,-1.283,0.751,-0.8
369,UKR,2005,0.456,39,0.661,1,0,0.5,1.774,-0.342,0.461,-0.8
369,UKR,2006,0.573,39,0.681,1,0,0.5,1.774,-0.183,1.011,-0.856
369,UKR,2007,0.604,39,0.663,1,0,0.5,1.774,-0.158,1.011,-0.856
369,UKR,2008,0.611,39,0.663,1,0,0.5,1.774,-0.285,1.011,-0.811
369,UKR,2009,0.608,39,0.663,1,0,0.5,1.774,0.055,1.378,-0.811
369,UKR,2010,0.491,39,0.636,1,0,0.5,1.774,-0.474,0.982,-0.973
369,UKR,2011,0.482,39,0.636,1,0,0.5,1.774,-0.16,0.307,-0.973
369,UKR,2012,0.481,39,0.636,1,0,0.5,1.774,0.278,0.307,-0.973
369,UKR,2013,0.458,39,0.652,1,0,0.5,1.774,-0.352,0.307,-1.011
369,UKR,2014,0.408,39,0.552,1,0,0.5,0.953,-1.257,0.533,-1.071
369,UKR,2015,0.406,39,0.555,1,0,0.5,0.953,-2.163,-0.056,-1.071
369,UKR,2016,0.413,39,0.565,1,0,0.5,0.953,-2.444,0.516,-1.071
369,UKR,2017,0.41,39,0.532,1,0,0.5,0.953,-1.085,0.516,-1.066
369,UKR,2018,0.408,39,0.573,1,0,0.5,0.953,-0.985,1.428,-0.859
369,UKR,2019,0.499,39,0.561,1,0,0.5,0.953,-1.202,1.676,-0.717
369,UKR,2020,0.53,39,0.622,1,0,0.5,1.76,-0.599,1.676,-0.857
369,UKR,2021,0.513,39,0.622,1,0,0.5,1.76,-0.611,1.676,-0.307
370,BLR,1995,0.505,35,0.881,1,2,0.5,1.04,1.854,0.941,-0.059
370,BLR,1996,0.45,37,0.754,1,1,0.5,1.04,-2.15,0.941,-1.315
370,BLR,1997,0.373,37,0.706,1,1,0.5,0.827,-1.452,0.941,-2.371
370,BLR,1998,0.349,37,0.706,1,1,0.5,0.827,1.646,0.941,-2.371
370,BLR,1999,0.334,37,0.706,1,1,0.5,0.827,1.646,0.941,-2.371
370,BLR,2000,0.299,37,0.706,1,1,0.5,0.827,1.646,0.941,-2.371
370,BLR,2001,0.247,37,0.706,1,1,0.5,0.827,1.646,0.941,-2.371
370,BLR,2002,0.245,37,0.597,1,1,0.5,0.827,1.646,0.941,-2.371
370,BLR,2003,0.243,37,0.597,1,1,0.5,0.827,1.646,0.941,-2.371
370,BLR,2004,0.241,37,0.597,1,1,0.5,0.827,1.646,0.941,-2.371
370,BLR,2005,0.234,37,0.597,1,1,0.5,0.827,1.646,0.941,-2.371
370,BLR,2006,0.227,37,0.597,1,1,0.5,0.827,1.646,1.709,-2.371
370,BLR,2007,0.223,37,0.597,1,1,0.5,0.827,1.646,1.709,-2.371
370,BLR,2008,0.226,37,0.597,1,1,0.5,0.827,1.221,1.709,-2.371
370,BLR,2009,0.229,37,0.597,1,1,0.5,0.827,1.677,1.709,-2.371
370,BLR,2010,0.229,37,0.597,1,1,0.5,0.827,1.76,1.709,-2.371
370,BLR,2011,0.219,37,0.597,1,1,0.5,0.827,1.76,1.709,-2.371
370,BLR,2012,0.223,37,0.597,1,1,0.5,0.827,0.734,1.709,-2.371
370,BLR,2013,0.244,37,0.576,1,1,0.5,0.827,1.272,1.709,-2.995
370,BLR,2014,0.245,37,0.576,1,1,0.5,0.827,1.272,1.709,-2.995
370,BLR,2015,0.251,37,0.576,1,1,0.5,0.827,1.272,1.296,-2.995
370,BLR,2016,0.258,37,0.576,1,1,0.5,0.543,1.734,1.667,-2.344
370,BLR,2017,0.257,37,0.576,1,1,0.5,0.543,1.8,1.257,-2.344
370,BLR,2018,0.255,37,0.576,1,1,0.5,0.868,1.643,1.588,-2.344
370,BLR,2019,0.263,37,0.576,1,1,0.5,0.868,0.977,1.588,-2.002
370,BLR,2020,0.212,37,0.173,1,1,0.5,0.392,0.841,0.563,-2.305
370,BLR,2021,0.176,37,0.081,1,1,0.5,0.712,-0.598,1.581,-3.073
371,ARM,1995,0.493,32,0.651,1,4,0.5,-0.303,1.535,0.975,-1.162
371,ARM,1996,0.421,32,0.651,1,4,0.5,1.717,1.535,0.975,-1.162
371,ARM,1997,0.394,32,0.651,1,4,0.5,1.717,1.535,0.975,-0.748
371,ARM,1998,0.405,32,0.641,1,4,0.5,1.717,1.384,1.609,-0.748
371,ARM,1999,0.42,32,0.641,1,4,0.5,1.717,1.384,1.609,-1.18
371,ARM,2000,0.418,32,0.633,1,4,0.5,1.717,1.247,1.609,-0.893
371,ARM,2001,0.421,32,0.633,1,4,0.5,1.717,1.247,1.609,-0.893
371,ARM,2002,0.413,32,0.645,1,4,0.5,1.717,1.247,1.609,-0.893
371,ARM,2003,0.356,32,0.645,1,4,0.5,1.717,1.247,1.609,-1.329
371,ARM,2004,0.346,32,0.645,1,4,0.5,1.717,1.457,1.609,-0.953
371,ARM,2005,0.346,40,0.645,1,4,0.5,1.717,0.563,0.895,-0.953
371,ARM,2006,0.344,40,0.645,1,4,0.5,1.717,0.742,0.895,-0.953
371,ARM,2007,0.354,40,0.645,1,4,0.5,1.717,0.332,1.254,-0.953
371,ARM,2008,0.32,40,0.637,1,4,0.5,1.717,0.489,1.254,-0.953
371,ARM,2009,0.323,40,0.664,1,4,0.5,1.717,0.841,0.97,-0.953
371,ARM,2010,0.336,40,0.671,1,4,0.5,1.717,1.089,0.97,-0.978
371,ARM,2011,0.339,40,0.671,1,4,0.5,1.717,0.787,0.97,-0.978
371,ARM,2012,0.356,40,0.671,1,4,0.5,1.717,1.087,0.97,-0.978
371,ARM,2013,0.355,40,0.693,1,4,0.5,1.717,1.772,1.234,-0.656
371,ARM,2014,0.349,40,0.693,1,4,0.5,1.717,1.772,1.234,-0.853
371,ARM,2015,0.35,41,0.693,1,4,0.5,1.717,1.772,0.824,-0.853
371,ARM,2016,0.357,41,0.693,1,4,0.5,1.717,1.403,1.11,-0.853
371,ARM,2017,0.387,41,0.693,1,4,0.5,1.717,1.855,1.739,-0.853
371,ARM,2018,0.536,41,0.765,1,4,0.5,1.717,1.218,1.105,-0.203
371,ARM,2019,0.799,41,0.82,1,4,0.5,1.717,0.406,0.776,0.462
371,ARM,2020,0.786,41,0.82,1,4,0.5,1.717,0.221,0.792,-0.119
371,ARM,2021,0.726,41,0.82,1,4,0.5,1.717,0.68,0.792,0.556
372,GRG,1995,0.366,32,0.65,1,4,1,1.287,0.717,0.841,-0.272
372,GRG,1996,0.38,32,0.63,1,4,1,1.287,0.717,0.841,0.121
372,GRG,1997,0.377,32,0.599,1,4,1,1.287,0.717,0.507,0.121
372,GRG,1998,0.377,32,0.599,1,4,1,1.287,0.529,0.507,0.121
372,GRG,1999,0.375,32,0.599,1,4,1,1.287,0.529,1.158,0.121
372,GRG,2000,0.371,32,0.599,1,4,1,1.287,0.317,1.678,-0.285
372,GRG,2001,0.377,32,0.599,1,4,1,1.287,0.713,1.678,-0.285
372,GRG,2002,0.378,32,0.599,1,4,1,1.287,0.713,1.678,-0.285
372,GRG,2003,0.381,32,0.599,1,4,1,1.287,0.62,1.678,-0.285
372,GRG,2004,0.557,32,0.599,1,4,1,1.287,-1.61,0.209,0.824
372,GRG,2005,0.554,32,0.599,1,4,1,1.287,-1.394,0.644,1.338
372,GRG,2006,0.549,32,0.599,1,4,1,1.287,-0.96,1.092,1.625
372,GRG,2007,0.538,32,0.599,1,4,1,1.287,0,1.293,1.201
372,GRG,2008,0.495,32,0.596,1,4,1,1.287,-0.088,1.293,1.201
372,GRG,2009,0.489,32,0.593,1,4,1,1.287,-0.001,1.293,1.201
372,GRG,2010,0.496,32,0.593,1,4,1,1.287,0.25,1.619,1.201
372,GRG,2011,0.499,32,0.593,1,4,1,1.287,0.25,1.619,1.201
372,GRG,2012,0.518,32,0.621,1,4,1,1.287,0.408,1.619,1.201
372,GRG,2013,0.619,32,0.64,1,4,1,1.287,0.718,1.279,1.081
372,GRG,2014,0.68,32,0.64,1,4,1,1.287,0.876,1.748,1.081
372,GRG,2015,0.678,32,0.653,1,4,1,1.856,0.753,1.748,1.009
372,GRG,2016,0.697,32,0.734,1,4,1,1.856,1.277,1.748,1.009
372,GRG,2017,0.694,32,0.728,1,4,1,1.856,0.744,0.407,1.111
372,GRG,2018,0.68,32,0.815,1,4,1,1.856,0.675,0.471,1.261
372,GRG,2019,0.638,32,0.736,1,4,1,1.856,1.591,0.206,1.148
372,GRG,2020,0.63,32,0.776,1,4,1,1.856,1.752,0.442,1.148
372,GRG,2021,0.647,32,0.783,1,4,1,1.856,2.129,0.517,1.148
373,AZE,1991,0.183,18,0.451,1,0,0.5,1.005,-1.223,-0.066,-1.782
373,AZE,1992,0.365,18,0.531,1,0,0.5,1.005,-1.39,0.46,-0.249
373,AZE,1993,0.309,18,0.531,1,0,0.5,0.257,-1.095,-1.244,-1.176
373,AZE,1994,0.252,18,0.332,1,0,0.5,0.257,0.953,-2.681,-2.28
373,AZE,1995,0.251,36,0.332,1,3,0.5,0.844,0.953,-2.681,-2.28
373,AZE,1996,0.241,36,0.332,1,3,0.5,0.844,0.953,-2.304,-2.28
373,AZE,1997,0.243,36,0.332,1,3,0.5,0.844,0.953,-2.304,-2.28
373,AZE,1998,0.244,36,0.274,1,3,0.5,0.844,0.953,-2.304,-2.28
373,AZE,1999,0.242,36,0.274,1,3,0.5,0.844,0.953,-2.304,-2.28
373,AZE,2000,0.248,36,0.27,1,3,0.5,0.844,0.953,-1.133,-2.28
373,AZE,2001,0.245,36,0.27,1,3,0.5,0.844,0.953,-1.133,-2.28
373,AZE,2002,0.241,36,0.27,1,3,0.5,0.844,0.953,-1.133,-2.28
373,AZE,2003,0.236,36,0.27,1,3,0.5,0.844,0.953,-1.133,-2.28
373,AZE,2004,0.219,36,0.27,1,3,0.5,0.844,0.953,-1.133,-2.28
373,AZE,2005,0.218,36,0.27,1,3,0.5,0.844,0.953,-1.133,-2.28
373,AZE,2006,0.213,36,0.27,1,3,0.5,0.844,0.953,-1.133,-2.28
373,AZE,2007,0.211,36,0.27,1,3,0.5,0.844,0.794,-1.133,-2.28
373,AZE,2008,0.209,36,0.27,1,3,0.5,0.844,0.794,-1.133,-2.28
373,AZE,2009,0.212,37,0.27,1,3,0.5,0.844,0.794,-1.133,-2.375
373,AZE,2010,0.211,37,0.27,1,3,0.5,0.844,0.263,-1.133,-2.375
373,AZE,2011,0.208,37,0.27,1,3,0.5,0.844,0.263,-1.133,-2.375
373,AZE,2012,0.206,37,0.27,1,3,0.5,0.844,-0.172,-1.133,-2.375
373,AZE,2013,0.2,37,0.231,1,3,0.5,0.844,0.081,-0.904,-3.118
373,AZE,2014,0.194,37,0.231,1,3,0.5,0.844,0.081,-0.904,-3.118
373,AZE,2015,0.191,37,0.231,1,3,0.5,0.844,0.081,-0.904,-3.118
373,AZE,2016,0.198,37,0.24,1,3,0.5,0.844,0.254,-0.843,-3.118
373,AZE,2017,0.2,37,0.304,1,3,0.5,0.844,0.254,-0.832,-3.118
373,AZE,2018,0.192,37,0.288,1,3,0.5,0.844,0.166,-1.263,-3.664
373,AZE,2019,0.193,37,0.303,1,3,0.5,0.844,0.367,-1.263,-2.784
373,AZE,2020,0.194,37,0.244,1,3,0.5,0.844,0.942,-1.15,-2.784
373,AZE,2021,0.196,37,0.314,1,3,0.5,0.906,0.216,-1.518,-2.921
702,TAJ,1994,0.195,32,0.072,1,1,0.5,0.584,0.55,0.817,-2.197
702,TAJ,1995,0.173,32,0.135,1,1,0.5,1.39,-0.296,0.817,-1.669
702,TAJ,1996,0.173,32,0.198,1,1,0.5,1.39,-0.296,0.817,-1.669
702,TAJ,1997,0.181,32,0.198,1,1,0.5,1.39,-0.296,0.817,-1.669
702,TAJ,1998,0.194,32,0.198,1,1,0.5,1.39,-0.296,0.817,-1.669
702,TAJ,1999,0.209,32,0.198,1,1,0.5,1.39,-0.278,0.817,-1.669
702,TAJ,2000,0.238,32,0.293,1,1,0.5,1.39,-0.278,0.817,-1.557
702,TAJ,2001,0.246,32,0.293,1,1,0.5,1.39,-0.278,0.817,-1.557
702,TAJ,2002,0.246,32,0.293,1,1,0.5,1.39,-0.278,0.817,-1.557
702,TAJ,2003,0.25,32,0.293,1,1,0.5,1.39,-0.278,0.817,-1.557
702,TAJ,2004,0.245,32,0.293,1,1,0.5,1.39,-0.278,0.817,-1.557
702,TAJ,2005,0.23,32,0.293,1,1,0.5,1.39,-0.278,0.817,-1.557
702,TAJ,2006,0.229,32,0.293,1,1,0.5,1.39,-0.147,0.817,-1.557
702,TAJ,2007,0.231,32,0.293,1,1,0.5,1.39,-0.147,0.817,-1.557
702,TAJ,2008,0.233,32,0.293,1,1,0.5,1.39,-0.147,0.817,-1.557
702,TAJ,2009,0.231,32,0.293,1,1,0.5,1.39,-0.147,0.817,-1.557
702,TAJ,2010,0.225,32,0.246,1,1,0.5,1.39,-0.348,0.817,-1.557
702,TAJ,2011,0.226,32,0.246,1,1,0.5,1.39,0.746,0.817,-1.557
702,TAJ,2012,0.224,32,0.233,1,1,0.5,1.39,0.746,0.817,-1.557
702,TAJ,2013,0.206,32,0.173,1,1,0.5,1.39,0.186,0.305,-2.071
702,TAJ,2014,0.201,32,0.173,1,1,0.5,1.39,0.186,0.305,-2.071
702,TAJ,2015,0.183,32,0.127,1,1,0.5,1.39,0.186,0.305,-2.071
702,TAJ,2016,0.174,32,0.161,1,1,0.5,1.39,0.409,1.567,-2.071
702,TAJ,2017,0.17,32,0.158,1,1,0.5,1.39,0.038,1.567,-2.071
702,TAJ,2018,0.166,32,0.133,1,1,0.5,1.39,-0.017,1.567,-1.435
702,TAJ,2019,0.166,32,0.16,1,1,0.5,1.39,-1.073,1.567,-1.435
702,TAJ,2020,0.175,32,0.125,1,1,0.5,1.39,-0.12,1.567,-1.435
702,TAJ,2021,0.184,32,0.125,1,1,0.5,1.39,0.38,1.567,-1.91
703,KYR,1993,0.346,30,0.675,1,1,0.5,1.07,-0.222,0.559,-0.892
703,KYR,1994,0.321,30,0.675,1,1,0.5,1.07,-0.222,1.603,-0.892
703,KYR,1995,0.305,30,0.63,1,1,0.5,1.07,-0.222,1.603,-0.892
703,KYR,1996,0.296,30,0.604,1,2,0.5,1.07,-0.222,1.603,-0.892
703,KYR,1997,0.29,30,0.604,1,2,0.5,1.07,-0.222,1.603,-0.892
703,KYR,1998,0.29,30,0.604,1,2,0.5,1.07,-0.222,1.603,-0.892
703,KYR,1999,0.287,30,0.604,1,2,0.5,1.07,-0.222,1.603,-0.892
703,KYR,2000,0.285,30,0.544,1,2,0.5,1.07,-0.222,1.603,-0.892
703,KYR,2001,0.282,30,0.544,1,2,0.5,1.07,-0.222,1.603,-0.892
703,KYR,2002,0.281,30,0.544,1,2,0.5,1.07,-0.222,1.603,-0.892
703,KYR,2003,0.283,30,0.544,1,2,0.5,1.07,-0.222,1.603,-0.892
703,KYR,2004,0.283,30,0.544,1,2,0.5,1.07,-0.222,1.603,-0.892
703,KYR,2005,0.322,30,0.544,1,2,0.5,1.07,-0.638,1.603,-0.892
703,KYR,2006,0.335,30,0.544,1,2,0.5,1.07,-0.775,1.603,-0.892
703,KYR,2007,0.323,38,0.544,1,2,0.5,1.07,-0.324,1.603,-0.892
703,KYR,2008,0.311,38,0.544,1,2,0.5,1.07,-0.324,1.603,-0.892
703,KYR,2009,0.304,38,0.528,1,2,0.5,1.07,-0.605,1.603,-0.892
703,KYR,2010,0.384,36,0.621,1,0,1,0.576,-1.688,0.642,0.197
703,KYR,2011,0.484,36,0.631,1,0,1,0.933,-0.734,0.131,0.459
703,KYR,2012,0.468,36,0.592,1,0,1,0.933,-0.748,0.131,0.459
703,KYR,2013,0.45,36,0.586,1,0,1,1.795,-1.14,0.74,0.495
703,KYR,2014,0.446,36,0.586,1,0,1,1.795,-0.922,1.556,0.495
703,KYR,2015,0.462,36,0.565,1,0,1,1.795,-1.173,1.556,0.124
703,KYR,2016,0.45,36,0.583,1,0,1,1.795,-0.679,1.556,0.124
703,KYR,2017,0.447,36,0.576,1,0,1,1.795,-0.679,1.556,0.124
703,KYR,2018,0.467,36,0.606,1,0,1,1.795,0.592,1.556,-0.021
703,KYR,2019,0.437,36,0.569,1,0,1,1.795,1.036,1.556,-0.021
703,KYR,2020,0.383,36,0.533,1,0,1,1.795,-0.126,1.556,-0.021
703,KYR,2021,0.413,36,0.533,1,0,1,0.356,0.471,-0.032,0.227
704,UZB,1992,0.205,31,0.277,1,1,0,0.327,0.481,0.192,-2.638
704,UZB,1993,0.2,31,0.277,1,1,0,0.327,-0.509,0.192,-2.638
704,UZB,1994,0.188,31,0.277,1,1,0,0.327,-0.509,0.192,-2.638
704,UZB,1995,0.165,31,0.277,1,1,0,0.327,-0.509,0.601,-2.638
704,UZB,1996,0.164,31,0.277,1,1,0,0.327,-0.509,0.601,-2.638
704,UZB,1997,0.164,31,0.258,1,1,0,0.327,-0.855,0.601,-2.638
704,UZB,1998,0.164,31,0.24,1,1,0,0.327,-0.855,-0.367,-2.638
704,UZB,1999,0.159,31,0.27,1,1,0,0.327,-0.855,-0.367,-2.638
704,UZB,2000,0.157,31,0.27,1,1,0,0.327,-0.855,-0.367,-2.638
704,UZB,2001,0.156,31,0.27,1,1,0,0.327,-0.855,-0.367,-2.638
704,UZB,2002,0.157,31,0.27,1,1,0,0.327,-0.185,-0.533,-2.638
704,UZB,2003,0.157,31,0.27,1,1,0,0.327,-0.185,-0.533,-2.638
704,UZB,2004,0.157,31,0.27,1,1,0,0.327,-0.185,-0.533,-2.638
704,UZB,2005,0.161,31,0.27,1,1,0,0.327,-0.185,-0.533,-2.638
704,UZB,2006,0.161,31,0.27,1,1,0,0.327,-0.185,-0.533,-2.638
704,UZB,2007,0.161,31,0.27,1,1,0,0.327,-0.185,-0.533,-2.638
704,UZB,2008,0.163,31,0.27,1,1,0,0.327,-0.185,-0.533,-2.638
704,UZB,2009,0.163,31,0.27,1,1,0,0.327,-0.185,-0.533,-2.638
704,UZB,2010,0.161,31,0.264,1,1,0,0.327,-0.033,-0.533,-2.638
704,UZB,2011,0.162,31,0.267,1,1,0,0.327,-0.033,-0.533,-2.638
704,UZB,2012,0.162,31,0.267,1,1,0,0.327,-0.033,-0.533,-2.638
704,UZB,2013,0.167,31,0.267,1,1,0,0.327,-0.033,-0.465,-2.638
704,UZB,2014,0.168,31,0.267,1,1,0,0.327,-0.033,-0.465,-2.638
704,UZB,2015,0.166,31,0.267,1,1,0,0.327,-0.033,-0.465,-2.638
704,UZB,2016,0.17,31,0.299,1,1,0,0.327,-0.033,-0.465,-2.638
704,UZB,2017,0.191,31,0.393,1,1,0,0.545,-0.202,-0.407,-2.638
704,UZB,2018,0.189,31,0.452,1,1,0,0.545,-0.007,0.019,-1.694
704,UZB,2019,0.204,31,0.523,1,1,0,0.545,0.377,-0.158,-1.694
704,UZB,2020,0.211,31,0.523,1,1,0,0.545,-0.149,-0.158,-1.694
704,UZB,2021,0.212,31,0.494,1,1,0,0.545,-0.149,-0.158,-1.694
705,KZK,1993,0.308,31,0.769,1,1,0.5,1.725,0.907,-0.575,-0.263
705,KZK,1994,0.307,31,0.769,1,1,0.5,1.725,0.187,-0.286,-0.263
705,KZK,1995,0.292,28,0.769,1,2,0.5,1.725,0.057,-0.573,-0.815
705,KZK,1996,0.284,28,0.769,1,2,0.5,0.911,1.064,-0.287,-0.815
705,KZK,1997,0.294,28,0.769,1,2,0.5,0.911,1.064,-0.287,-0.732
705,KZK,1998,0.291,28,0.769,1,2,0.5,0.911,1.064,-0.287,-0.732
705,KZK,1999,0.274,28,0.769,1,2,0.5,0.829,1.064,-0.287,-0.732
705,KZK,2000,0.271,28,0.769,1,2,0.5,0.829,1.064,1.585,-0.732
705,KZK,2001,0.256,28,0.769,1,2,0.5,0.829,1.064,0.674,-0.732
705,KZK,2002,0.253,28,0.703,1,2,0.5,0.829,0.933,1.388,-0.2
705,KZK,2003,0.249,28,0.703,1,2,0.5,0.829,0.933,1.388,-1.119
705,KZK,2004,0.246,28,0.703,1,2,0.5,0.829,0.933,1.388,-1.119
705,KZK,2005,0.241,28,0.703,1,2,0.5,0.829,0.099,1.388,-1.119
705,KZK,2006,0.244,28,0.703,1,2,0.5,0.829,0.099,1.388,-1.119
705,KZK,2007,0.243,28,0.695,1,2,0.5,0.829,0.768,0.746,-1.119
705,KZK,2008,0.245,28,0.695,1,2,0.5,0.829,0.768,0.73,-1.119
705,KZK,2009,0.244,28,0.695,1,2,0.5,0.829,0.768,0.73,-1.119
705,KZK,2010,0.24,28,0.695,1,2,0.5,0.829,0.768,0.73,-1.119
705,KZK,2011,0.235,28,0.695,1,2,0.5,0.829,0.498,0.73,-1.119
705,KZK,2012,0.236,28,0.695,1,2,0.5,0.829,0.683,0.73,-1.119
705,KZK,2013,0.234,28,0.678,1,2,0.5,0.829,0.856,0.537,-1.384
705,KZK,2014,0.235,28,0.678,1,2,0.5,0.829,0.856,0.537,-1.384
705,KZK,2015,0.239,28,0.678,1,2,0.5,0.829,0.666,0.537,-1.384
705,KZK,2016,0.245,28,0.678,1,2,0.5,0.829,0.861,0.537,-1.384
705,KZK,2017,0.239,28,0.678,1,2,0.5,0.829,0.736,1.395,-1.317
705,KZK,2018,0.235,28,0.528,1,2,0.5,0.829,0.736,1.395,-1.317
705,KZK,2019,0.24,28,0.606,1,2,0.5,0.829,0.573,1.395,-1.451
705,KZK,2020,0.246,28,0.606,1,2,0.5,0.829,0.202,1.395,-0.916
705,KZK,2021,0.257,28,0.617,1,2,0.5,0.829,0.202,0.605,-0.916